Store ID,Product ID,Category,Region,Forecast Date,Forecasted Demand,Forecast Method,Inventory Level,Average Daily Demand
S001,P0001,Toys,East,2024-02-01,949.1931790962058,ARIMA,223,137.3064295485636
S001,P0002,Furniture,West,2024-02-01,672.7658414700047,ARIMA,217,131.03830369357044
S001,P0003,Toys,East,2024-02-01,3201.169958529687,ARIMA,69,141.4404924760602
S001,P0004,Groceries,West,2024-02-01,4567.401493429397,ARIMA,338,140.90424076607388
S001,P0005,Groceries,North,2024-02-01,5272.718052315378,ARIMA,471,133.1299589603283
S001,P0006,Electronics,North,2024-02-01,2355.0,ARIMA + 3-Month Average Fallback,305,130.6730506155951
S001,P0007,Clothing,East,2024-02-01,4707.778054596665,ARIMA,256,137.8235294117647
S001,P0008,Electronics,East,2024-02-01,1345.1952857776114,ARIMA,315,137.1326949384405
S001,P0009,Electronics,South,2024-02-01,4223.275700707657,ARIMA,167,131.43638850889192
S001,P0010,Furniture,West,2024-02-01,2151.578012153738,ARIMA,167,132.3611491108071
S001,P0011,Electronics,West,2024-02-01,2991.72476483456,ARIMA,449,132.4924760601915
S001,P0012,Electronics,East,2024-02-01,2221.104128228201,ARIMA,213,128.39124487004105
S001,P0013,Groceries,North,2024-02-01,1834.4185409544211,ARIMA,356,132.87414500683994
S001,P0014,Groceries,South,2024-02-01,2125.2717757777264,ARIMA,293,136.62106703146375
S001,P0015,Electronics,East,2024-02-01,2543.1653221411734,ARIMA,356,137.88645690834474
S001,P0016,Electronics,East,2024-02-01,4720.501368293754,ARIMA,74,132.9329685362517
S001,P0017,Toys,East,2024-02-01,1284.829291213617,ARIMA,282,136.44870041039673
S001,P0018,Electronics,East,2024-02-01,1596.0977425587855,ARIMA,191,138.81668946648426
S001,P0019,Clothing,West,2024-02-01,2655.0494075233373,ARIMA,149,134.73050615595076
S001,P0020,Electronics,South,2024-02-01,2189.0979639540296,ARIMA,242,138.3638850889193
S002,P0001,Clothing,East,2024-02-01,3202.7096439701213,ARIMA,415,145.00547195622434
S002,P0002,Groceries,North,2024-02-01,1031.5756545914703,ARIMA,364,128.78659370725035
S002,P0003,Clothing,South,2024-02-01,3801.403903152306,ARIMA,372,133.00547195622434
S002,P0004,Toys,West,2024-02-01,2266.893540409774,ARIMA,133,138.4268125854993
S002,P0005,Toys,West,2024-02-01,2450.771751457414,ARIMA,464,132.5718194254446
S002,P0006,Toys,East,2024-02-01,2504.941438136852,ARIMA,160,133.26675786593708
S002,P0007,Toys,West,2024-02-01,5366.110600353066,ARIMA,53,137.62106703146375
S002,P0008,Furniture,North,2024-02-01,2761.11439576597,ARIMA,218,128.8987688098495
S002,P0009,Electronics,North,2024-02-01,5547.414479629105,ARIMA,62,144.1532147742818
S002,P0010,Toys,West,2024-02-01,4140.618939620442,ARIMA,419,135.44733242134063
S002,P0011,Groceries,West,2024-02-01,2147.9994427662623,ARIMA,156,135.62927496580028
S002,P0012,Electronics,North,2024-02-01,1781.0072708321986,ARIMA,193,140.25718194254446
S002,P0013,Electronics,South,2024-02-01,3616.6781854673927,ARIMA,472,134.22161422708618
S002,P0014,Clothing,West,2024-02-01,2900.1895586951428,ARIMA,342,134.406292749658
S002,P0015,Toys,South,2024-02-01,1905.3634766857697,ARIMA,433,130.78796169630644
S002,P0016,Toys,North,2024-02-01,4237.879598204987,ARIMA,258,138.24760601915185
S002,P0017,Toys,East,2024-02-01,3329.0126715703427,ARIMA,236,132.31053351573186
S002,P0018,Groceries,East,2024-02-01,3099.044221965018,ARIMA,151,140.19425444596442
S002,P0019,Furniture,West,2024-02-01,4532.18269901922,ARIMA,409,131.82626538987688
S002,P0020,Groceries,East,2024-02-01,2637.144435205011,ARIMA,284,144.10807113543092
S003,P0001,Clothing,West,2024-02-01,463.80048981210393,ARIMA,138,129.4391244870041
S003,P0002,Groceries,South,2024-02-01,4748.849980515308,ARIMA,388,142.74965800273597
S003,P0003,Groceries,North,2024-02-01,1573.296398960144,ARIMA,112,126.6155950752394
S003,P0004,Groceries,North,2024-02-01,3303.0484634715576,ARIMA,415,132.2298221614227
S003,P0005,Electronics,West,2024-02-01,1680.2956487664483,ARIMA,411,144.1969904240766
S003,P0006,Furniture,North,2024-02-01,3009.9558983918428,ARIMA,451,139.7715458276334
S003,P0007,Electronics,North,2024-02-01,4030.4448926646787,ARIMA,108,138.8016415868673
S003,P0008,Furniture,North,2024-02-01,2491.612491533037,ARIMA,103,133.87688098495212
S003,P0009,Furniture,South,2024-02-01,1949.6391241144504,ARIMA,496,140.46785225718193
S003,P0010,Furniture,East,2024-02-01,2072.6958224045948,ARIMA,413,136.00820793433653
S003,P0011,Toys,West,2024-02-01,3806.7867908345947,ARIMA,137,138.703146374829
S003,P0012,Clothing,North,2024-02-01,1994.7171796783969,ARIMA,108,137.52257181942545
S003,P0013,Groceries,West,2024-02-01,930.281689667871,ARIMA,388,147.03009575923392
S003,P0014,Electronics,West,2024-02-01,4121.608402370502,ARIMA,230,143.89603283173736
S003,P0015,Clothing,East,2024-02-01,1249.0804677905421,ARIMA,270,138.3296853625171
S003,P0016,Furniture,East,2024-02-01,2237.558518753613,ARIMA,166,141.7797537619699
S003,P0017,Clothing,North,2024-02-01,1020.9455340017475,ARIMA,239,143.0451436388509
S003,P0018,Electronics,North,2024-02-01,3528.086869015664,ARIMA,375,132.02051983584133
S003,P0019,Electronics,West,2024-02-01,2709.1805893905284,ARIMA,253,142.9876880984952
S003,P0020,Groceries,West,2024-02-01,1311.402364893517,ARIMA,417,137.55403556771546
S004,P0001,Electronics,East,2024-02-01,3509.5031865207325,ARIMA,497,138.53625170998632
S004,P0002,Furniture,West,2024-02-01,2809.994824031789,ARIMA,181,130.44870041039673
S004,P0003,Furniture,West,2024-02-01,805.09237972096,ARIMA,419,129.18741450068399
S004,P0004,Furniture,South,2024-02-01,2118.585474061101,ARIMA,105,131.07250341997263
S004,P0005,Toys,East,2024-02-01,2440.0696916299344,ARIMA,217,137.22161422708618
S004,P0006,Toys,East,2024-02-01,1475.4833128879786,ARIMA,364,141.10396716826264
S004,P0007,Electronics,South,2024-02-01,2379.51318313448,ARIMA,134,130.38166894664843
S004,P0008,Furniture,West,2024-02-01,4646.861165270466,ARIMA,390,134.5704514363885
S004,P0009,Clothing,East,2024-02-01,3103.7916649038,ARIMA,115,134.59644322845418
S004,P0010,Toys,North,2024-02-01,2840.2843399976005,ARIMA,382,137.79480164158687
S004,P0011,Groceries,East,2024-02-01,3246.3333333333335,ARIMA + 3-Month Average Fallback,155,139.7387140902873
S004,P0012,Clothing,East,2024-02-01,1902.8689295698102,ARIMA,85,131.77428180574555
S004,P0013,Electronics,West,2024-02-01,2478.0714257995314,ARIMA,113,131.3939808481532
S004,P0014,Furniture,South,2024-02-01,2032.9847116006667,ARIMA,386,142.13953488372093
S004,P0015,Toys,North,2024-02-01,2897.0,ARIMA + 3-Month Average Fallback,56,137.70725034199725
S004,P0016,Clothing,West,2024-02-01,2908.3333333333335,ARIMA + 3-Month Average Fallback,314,143.33378932968537
S004,P0017,Electronics,North,2024-02-01,5499.742388950255,ARIMA,100,135.59917920656633
S004,P0018,Toys,North,2024-02-01,1835.9694478254764,ARIMA,83,128.62243502051984
S004,P0019,Clothing,East,2024-02-01,474.6197330081474,ARIMA,65,136.52257181942545
S004,P0020,Toys,West,2024-02-01,3227.64729065096,ARIMA,249,135.83994528043775
S005,P0001,Toys,North,2024-02-01,1430.7365911499705,ARIMA,300,131.0547195622435
S005,P0002,Groceries,North,2024-02-01,4738.36961041647,ARIMA,253,134.3187414500684
S005,P0003,Furniture,South,2024-02-01,3354.2849414864613,ARIMA,98,144.55129958960327
S005,P0004,Toys,North,2024-02-01,3024.9808454560375,ARIMA,158,135.20656634746922
S005,P0005,Toys,South,2024-02-01,3053.2747396566556,ARIMA,372,141.86456908344732
S005,P0006,Furniture,North,2024-02-01,4287.409068718587,ARIMA,491,135.25444596443228
S005,P0007,Groceries,South,2024-02-01,3195.7096949007123,ARIMA,59,138.43775649794802
S005,P0008,Electronics,West,2024-02-01,1366.3497284313153,ARIMA,409,133.8700410396717
S005,P0009,Furniture,North,2024-02-01,1574.5010178730524,ARIMA,319,136.19425444596442
S005,P0010,Toys,North,2024-02-01,2460.8908054159556,ARIMA,308,137.55266757865937
S005,P0011,Groceries,North,2024-02-01,1067.7038747149836,ARIMA,156,136.5581395348837
S005,P0012,Electronics,North,2024-02-01,3032.269870409393,ARIMA,495,134.65389876880985
S005,P0013,Electronics,West,2024-02-01,4375.768669305745,ARIMA,389,139.32147742818057
S005,P0014,Toys,West,2024-02-01,4117.519564603255,ARIMA,328,137.35841313269495
S005,P0015,Furniture,North,2024-02-01,3152.7115964674185,ARIMA,408,149.24623803009575
S005,P0016,Furniture,East,2024-02-01,2483.075607423794,ARIMA,96,139.29001367989056
S005,P0017,Toys,North,2024-02-01,3297.9841789305074,ARIMA,313,137.28864569083447
S005,P0018,Clothing,West,2024-02-01,2731.6632830488566,ARIMA,278,134.15047879616964
S005,P0019,Toys,East,2024-02-01,3686.160519616812,ARIMA,374,135.05335157318743
S005,P0020,Groceries,East,2024-02-01,2953.7218092323455,ARIMA,117,138.6730506155951
